t,p0,p1,p2,p3,p4
0,87,88,62,12,88
30,87,88,59,12,88
60,60,88,60,12,88
90,60,88,60,12,88
120,60,88,59,12,88
150,55,88,59,12,88
180,55,88,55,12,88
210,55,88,55,12,88
240,55,88,71,12,88
270,71,88,71,12,88
300,71,88,9,12,88
330,32,12,9,12,88
360,32,12,9,12,12
390,32,39,9,12,12
420,32,39,9,12,39
450,32,97,9,12,39
480,32,97,9,12,17
510,31,97,9,12,17
540,31,97,9,39,49
570,31,97,39,39,49
600,31,50,39,39,49
630,31,50,97,39,49
660,31,49,97,97,49
690,31,49,97,97,49
720,14,17,50,97,49
750,14,17,50,97,49
780,14,49,50,50,49
810,14,49,50,50,49
840,14,49,49,50,50
870,31,49,50,50,50
900,31,49,50,50,49
930,31,49,94,50,49
960,31,49,94,50,50
990,31,49,94,50,50
1020,31,49,94,50,50
1050,31,49,49,49,50
1080,31,49,49,49,49
1110,31,49,49,49,49
1140,31,49,49,49,49
1170,31,49,49,23,49
1200,31,23,23,23,50
1230,31,23,23,23,50
1260,31,23,23,23,50
1290,31,23,25,23,50
1320,31,23,25,23,50
1350,31,25,23,25,50
1380,31,25,25,25,50
1410,31,25,25,23,50
1440,31,79,25,23,50
1470,31,79,25,25,50
1500,31,79,25,23,50
1530,31,79,25,23,50
1560,31,79,25,23,50
1590,31,79,25,23,50
1620,31,79,25,23,50
1650,31,79,25,33,50
1680,31,79,25,33,50
1710,32,79,79,34,50
1740,32,79,79,34,50
1770,32,79,79,34,50
1800,18,79,79,34,50
1830,18,79,79,34,50
1860,18,79,79,34,50
1890,18,79,79,34,50
1920,18,79,79,34,50
1950,18,79,79,34,50
1980,18,79,79,77,50
2010,18,79,79,77,50
2040,18,79,79,77,50
2070,18,79,25,77,50
2100,18,79,25,77,50
2130,18,79,25,9,50
2160,18,79,25,9,50
2190,32,79,79,9,50
2220,32,79,79,9,50
2250,32,79,79,9,47
2280,32,79,79,9,47
2310,71,79,79,9,47
2340,71,79,79,9,47
2370,71,79,79,9,47
2400,71,79,79,39,47
2430,71,23,79,39,47
2460,71,23,79,12,49
2490,71,23,43,12,49
2520,55,23,43,12,49
2550,55,23,43,12,49
2580,55,23,47,12,49
2610,55,50,47,12,99
2640,71,50,41,12,99
2670,71,39,41,12,99
2700,71,39,47,12,99
2730,71,39,47,12,99
2760,71,39,41,12,99
2790,71,39,41,12,99
2820,71,39,0,12,99
2850,71,9,0,12,99
2880,77,9,0,12,99
2910,77,9,0,91,99
2940,77,9,96,91,99
2970,77,59,96,92,99
3000,77,59,96,92,99
3030,13,40,96,92,99
3060,4,40,96,92,16
3090,4,40,96,92,16
3120,4,40,92,92,16
3150,4,40,92,92,16
3180,4,40,92,92,67
3210,4,40,92,92,67
3240,4,40,92,92,67
3270,4,40,92,92,67
3300,4,40,92,96,67
3330,4,40,96,96,67
3360,4,40,96,96,67
3390,4,40,96,96,67
3420,4,51,96,96,67
3450,4,51,96,96,67
3480,4,67,96,96,67
3510,4,67,96,96,67
3540,4,67,96,96,67
3570,4,67,96,96,67
3600,4,67,96,96,61
3630,4,67,96,96,61
3660,4,67,96,96,61
3690,4,67,96,96,74
3720,4,67,96,96,74
3750,76,67,96,96,74
3780,76,67,96,96,74
3810,76,67,96,96,74
3840,76,67,96,96,74
3870,76,67,96,96,74
3900,76,67,96,96,74
3930,76,67,96,96,67
3960,76,67,96,96,67
3990,76,67,96,96,67
4020,4,67,96,38,61
4050,4,67,96,38,61
4080,4,67,96,38,10
4110,4,74,96,38,10
4140,4,74,96,38,61
4170,4,74,96,38,61
4200,4,74,92,38,74
4230,4,67,92,38,74
4260,4,67,92,38,74
4290,4,67,92,38,10
4320,4,67,92,92,10
4350,4,67,92,92,10
4380,4,67,92,92,67
4410,4,67,92,92,67
4440,4,67,92,92,2
4470,4,67,92,92,2
4500,4,67,92,92,58
4530,4,67,92,92,58
4560,76,67,92,92,58
4590,76,67,92,92,58
4620,76,67,92,92,58
4650,76,67,92,92,58
4680,76,67,92,92,58
4710,76,67,92,92,58
4740,76,67,92,92,58
4770,4,67,92,92,58
4800,4,51,92,96,58
4830,4,51,92,96,51
4860,76,51,92,96,51
4890,76,51,96,96,51
4920,76,51,96,96,51
4950,76,51,92,96,51
4980,76,51,92,96,51
5010,76,51,92,92,99
5040,76,51,92,96,99
5070,76,16,92,96,99
5100,76,16,96,96,99
5130,76,16,96,92,99
5160,76,16,96,96,16
5190,76,16,96,96,16
5220,76,16,96,96,16
5250,76,16,96,96,16
5280,76,16,96,96,16
5310,76,16,96,96,16
5340,76,16,96,96,16
5370,76,16,96,96,16
5400,76,16,96,96,16
5430,76,16,96,96,16
5460,76,16,96,96,16
5490,76,16,96,96,16
5520,76,16,92,96,16
5550,76,16,92,96,16
5580,76,16,92,96,16
5610,76,16,92,96,16
5640,76,16,96,96,16
5670,76,16,96,96,16
5700,76,16,96,96,16
5730,76,16,96,96,16
5760,76,16,96,96,16
5790,76,16,47,96,16
5820,76,16,47,41,16
5850,76,16,47,41,16
5880,76,16,47,0,16
5910,76,16,41,0,16
5940,76,16,41,96,16
5970,76,16,41,96,16
6000,76,16,41,96,16
6030,76,16,47,96,16
6060,76,16,47,96,16
6090,76,16,23,96,16
6120,76,16,23,96,16
6150,76,16,23,96,16
6180,76,16,23,96,16
6210,76,16,23,96,16
6240,76,51,23,96,16
6270,76,51,23,96,16
6300,13,16,23,96,16
6330,13,16,23,96,16
6360,4,16,50,92,16
6390,4,16,50,96,16
6420,4,16,50,96,16
6450,4,16,17,91,16
6480,4,16,17,91,16
6510,4,16,17,91,99
6540,4,16,17,91,99
6570,4,99,17,91,99
6600,4,99,49,91,16
6630,4,16,49,91,16
6660,4,16,49,91,16
6690,4,16,49,91,16
6720,4,16,23,91,16
6750,4,16,23,91,16
6780,4,16,33,91,16
6810,4,16,33,91,16
6840,4,16,23,91,16
6870,4,16,23,91,51
6900,4,16,25,91,51
6930,4,61,25,91,51
6960,4,61,23,91,51
6990,4,61,23,91,61
7020,4,61,17,91,61
7050,76,61,17,91,61
7080,76,61,17,91,61
7110,4,61,17,91,26
7140,4,26,91,91,26
7170,4,26,91,91,26
7200,4,26,91,92,26
7230,4,61,91,92,26
7260,4,61,91,92,26
7290,4,21,91,92,61
7320,4,21,92,92,21
7350,13,21,92,92,21
7380,13,21,96,92,21
7410,4,21,96,92,27
7440,4,27,41,92,27
7470,4,26,41,96,27
7500,76,26,41,96,74
7530,76,26,41,96,74
7560,76,61,96,92,74
7590,76,61,96,92,74
7620,76,74,96,92,74
7650,76,74,96,92,74
7680,76,74,96,92,74
7710,76,57,96,92,74
7740,76,57,96,96,61
7770,76,57,96,96,61
7800,76,74,96,96,61
7830,76,74,96,96,61
7860,76,74,96,96,10
7890,76,74,92,96,10
7920,76,74,92,92,10
7950,76,61,92,92,10
7980,76,61,92,92,10
8010,76,61,92,92,61
8040,76,61,96,92,61
8070,76,61,92,92,74
8100,76,61,92,96,74
8130,76,10,17,96,57
8160,4,16,17,96,57
8190,4,16,94,96,67
8220,71,16,94,96,51
8250,71,16,94,96,51
8280,71,16,94,96,99
8310,71,16,94,96,99
8340,71,16,91,96,99
8370,71,16,91,96,99
8400,71,99,91,96,99
8430,71,99,91,96,99
8460,71,99,91,96,99
8490,71,99,91,96,16
8520,71,99,91,96,16
8550,71,99,91,96,16
8580,71,99,91,96,16
8610,59,16,17,96,16
8640,59,16,17,96,16
8670,59,16,17,96,16
8700,55,16,17,96,16
8730,55,16,17,96,16
8760,87,16,17,96,16
8790,87,16,17,92,16
8820,90,61,17,92,16
8850,90,61,94,92,51
8880,90,61,94,92,51
8910,90,61,94,92,51
8940,48,61,94,92,51
8970,48,61,94,96,51
9000,65,61,94,96,51
9030,65,61,17,96,51
9060,38,61,43,96,51
9090,38,61,43,92,61
9120,39,61,43,96,61
9150,39,10,17,96,6
9180,39,10,43,96,6
9210,39,10,43,96,6
9240,39,51,47,96,6
9270,39,51,47,96,51
9300,39,51,47,96,67
9330,39,51,47,47,67
9360,39,51,47,47,51
9390,39,67,47,41,16
9420,39,67,43,41,16
9450,39,67,41,41,16
9480,39,67,41,43,99
9510,39,67,43,43,99
9540,9,67,43,43,99
9570,9,67,43,43,99
9600,9,67,43,43,98
9630,9,10,43,43,98
9660,9,10,43,17,89
9690,9,10,43,17,89
9720,9,10,17,47,89
9750,9,10,17,47,89
9780,9,10,23,47,56
9810,9,10,23,47,56
9840,9,10,23,43,56
9870,9,10,23,43,51
9900,9,10,25,43,51
9930,9,10,25,43,61
9960,13,10,49,43,61
9990,4,10,49,91,2
10020,4,10,49,91,2
10050,4,26,49,91,2
10080,4,26,49,92,2
10110,4,26,17,92,2
10140,4,26,17,92,10
10170,4,21,17,92,10
10200,4,21,17,92,26
10230,4,21,94,92,10
10260,4,21,94,92,10
10290,13,21,92,92,10
10320,13,10,92,92,10
10350,13,10,96,92,10
10380,13,10,96,96,10
10410,13,10,96,96,10
10440,13,61,96,96,10
10470,13,61,96,96,10
10500,4,57,96,96,10
10530,4,57,96,96,61
10560,4,61,96,96,61
10590,4,61,96,92,10
10620,77,61,96,92,10
10650,77,61,96,92,61
10680,13,61,0,92,10
10710,13,61,0,92,10
10740,13,74,0,92,10
10770,13,57,0,92,10
10800,13,51,0,92,51
10830,13,51,0,92,51
10860,77,51,0,92,51
10890,77,16,96,92,58
10920,77,16,96,92,58
10950,13,16,96,92,58
10980,13,16,96,92,58
11010,13,16,96,96,56
11040,77,16,96,96,56
11070,77,16,92,92,56
11100,9,16,92,92,56
11130,9,16,41,92,56
11160,9,16,41,92,56
11190,9,16,41,92,56
11220,9,16,50,92,56
11250,9,16,50,96,95
11280,9,16,47,96,95
11310,9,16,47,96,89
11340,9,16,17,41,89
11370,9,16,17,41,89
11400,9,16,79,47,89
11430,9,16,79,47,89
11460,9,16,79,41,89
11490,9,16,79,41,89
11520,9,16,79,96,16
11550,9,16,25,96,16
11580,71,16,25,96,16
11610,71,16,43,96,16
11640,71,16,47,96,16
11670,71,16,43,92,16
11700,71,16,43,92,16
11730,71,16,41,96,16
11760,32,16,41,96,16
11790,32,16,41,92,16
11820,32,16,96,92,51
11850,32,16,96,92,51
11880,18,16,96,92,51
11910,18,16,96,92,51
11940,18,51,96,92,51
11970,18,51,0,92,51
12000,18,16,0,92,51
12030,18,16,0,92,51
12060,18,16,0,92,51
12090,18,16,0,96,51
12120,18,16,0,96,51
12150,18,16,0,96,51
12180,18,16,0,96,51
12210,18,16,0,96,51
12240,18,67,0,96,51
12270,18,67,0,96,51
12300,18,67,96,96,51
12330,18,67,96,96,67
12360,18,67,92,96,67
12390,18,67,92,96,51
12420,18,74,96,96,51
12450,18,74,96,96,51
12480,18,74,96,96,51
12510,18,74,96,96,51
12540,18,74,96,96,51
12570,18,74,96,96,2
12600,18,74,96,96,2
12630,18,74,96,96,6
12660,18,74,41,96,6
12690,18,74,41,96,6
12720,18,74,41,96,6
12750,18,57,47,96,51
12780,18,74,47,96,51
12810,18,74,47,96,51
12840,18,57,47,96,51
12870,18,74,47,96,51
12900,18,51,47,96,51
12930,18,51,41,96,51
12960,18,51,41,96,51
12990,18,51,41,96,51
13020,18,51,49,96,51
13050,18,51,49,96,61
13080,18,67,49,0,61
13110,18,67,49,96,10
13140,18,74,49,96,10
13170,18,74,49,96,10
13200,18,74,49,96,10
13230,18,61,49,96,10
13260,18,61,50,0,10
13290,18,61,34,0,10
13320,18,61,34,0,10
13350,18,61,34,0,10
13380,18,74,34,0,26
13410,18,74,34,0,26
13440,32,74,34,0,10
13470,32,52,34,0,52
13500,32,52,34,0,52
13530,32,52,4,0,52
13560,32,52,4,0,52
13590,32,52,4,0,52
13620,32,52,4,0,52
13650,32,52,13,69,52
13680,32,21,13,69,52
13710,32,21,13,69,52
13740,32,21,13,69,52
13770,55,21,13,69,21
13800,55,21,13,69,21
13830,71,52,4,69,27
13860,71,61,4,69,74
13890,71,61,4,69,74
13920,71,61,4,69,74
13950,59,61,4,69,57
13980,55,61,4,69,57
14010,55,61,13,69,38
14040,87,61,13,69,38
14070,87,74,13,0,38
14100,90,57,4,0,38
14130,90,57,4,69,38
14160,90,57,4,69,38
14190,90,51,4,69,38
14220,48,51,4,69,38
14250,48,51,4,69,38
14280,65,51,4,69,38
14310,65,51,4,69,38
14340,39,51,4,0,38
14370,39,99,4,0,38
14400,39,99,4,69,38
14430,39,99,76,69,38
14460,39,99,76,69,38
14490,39,99,76,69,38
14520,39,99,64,69,38
14550,39,99,64,69,38
14580,39,99,64,69,38
14610,39,99,64,69,38
14640,39,16,14,69,99
14670,39,16,14,69,16
14700,39,16,14,69,16
14730,39,16,14,69,16
14760,39,16,14,69,16
14790,39,2,14,69,51
14820,39,2,14,69,51
14850,39,2,14,0,58
14880,9,2,14,0,58
14910,9,2,14,0,58
14940,9,6,95,0,58
14970,9,51,95,0,58
15000,9,51,95,96,58
15030,9,58,95,96,58
15060,9,58,95,96,58
15090,9,56,95,96,16
15120,9,56,95,96,56
15150,9,56,56,96,51
15180,4,56,56,96,51
15210,4,51,56,96,51
15240,13,51,56,96,51
15270,13,51,56,96,51
15300,13,51,58,96,51
15330,13,51,58,96,51
15360,13,51,16,96,67
15390,13,51,16,96,67
15420,13,51,16,96,51
15450,13,16,16,96,16
15480,13,16,16,96,16
15510,13,16,16,96,16
15540,13,16,16,96,16
15570,13,16,16,96,16
15600,13,16,56,96,16
15630,13,16,16,92,16
15660,13,16,16,92,16
15690,4,16,16,92,16
15720,4,16,16,92,16
15750,4,16,16,96,16
15780,13,16,16,96,16
15810,13,16,16,96,51
15840,13,16,16,96,51
15870,13,16,16,96,51
15900,13,51,16,96,51
15930,13,51,16,96,51
15960,13,51,58,92,51
15990,13,51,58,92,51
16020,77,67,6,96,51
16050,77,67,6,96,51
16080,32,67,26,96,51
16110,32,67,93,96,51
16140,32,67,93,96,51
16170,32,67,93,96,51
16200,32,67,93,96,51
16230,32,67,93,92,51
16260,54,67,93,92,51
16290,54,67,93,92,51
16320,54,61,93,92,51
16350,54,61,93,92,57
16380,54,10,93,92,74
16410,38,10,93,92,74
16440,38,10,93,96,74
16470,38,10,93,96,74
16500,38,10,93,96,74
16530,38,10,93,96,74
16560,38,10,93,92,74
16590,38,10,93,92,74
16620,38,10,93,92,74
16650,38,10,93,92,74
16680,38,10,42,92,10
16710,38,26,42,92,10
16740,38,26,42,92,26
16770,38,52,42,96,26
16800,38,52,42,96,26
16830,38,52,42,96,52
16860,38,52,45,96,52
16890,38,52,45,96,52
16920,97,53,45,96,52
16950,97,53,45,96,52
16980,97,53,45,96,52
17010,39,53,42,96,52
17040,39,53,42,96,52
17070,39,42,42,92,10
17100,39,42,45,92,10
17130,39,42,45,92,10
17160,39,45,45,96,93
17190,39,45,45,96,93
17220,39,45,53,96,93
17250,39,93,53,92,93
17280,39,93,53,92,93
17310,39,93,53,92,93
17340,39,93,53,92,2
17370,39,93,42,96,2
17400,39,2,45,96,2
17430,39,2,93,96,2
17460,39,51,93,91,51
17490,9,51,93,91,51
17520,9,51,93,92,51
17550,9,51,93,92,51
17580,9,51,2,92,51
17610,9,51,51,92,51
17640,9,51,51,92,51
17670,9,51,58,92,51
17700,9,51,58,92,51
17730,9,51,16,92,51
17760,9,51,16,92,51
17790,9,51,16,92,51
17820,9,51,16,92,51
17850,9,74,56,92,51
17880,9,74,56,92,51
17910,9,74,56,96,61
17940,9,74,56,96,61
17970,9,74,16,96,10
18000,9,74,89,96,10
18030,9,74,89,96,26
18060,9,61,89,96,52
18090,9,61,89,96,52
18120,9,61,89,96,61
18150,9,10,18,96,61
18180,9,10,18,96,74
18210,9,10,18,96,74
18240,9,26,18,96,74
18270,9,26,32,0,74
18300,9,26,32,0,27
18330,9,26,32,0,27
18360,9,61,32,0,27
18390,9,26,32,0,27
18420,9,26,71,0,27
18450,9,52,71,0,27
18480,9,52,71,0,27
18510,9,10,71,0,27
18540,9,10,55,0,27
18570,9,52,55,0,27
18600,9,52,55,0,27
18630,55,52,71,0,27
18660,55,52,71,0,27
18690,55,52,71,0,21
18720,32,52,71,0,52
18750,32,52,71,0,52
18780,32,52,71,0,52
18810,32,52,71,0,52
18840,32,53,32,0,52
18870,32,53,32,0,53
18900,32,53,32,0,53
18930,32,53,32,0,42
18960,32,53,18,0,42
18990,32,53,18,0,42
19020,32,42,18,0,42
19050,18,45,18,41,42
19080,18,45,18,41,42
19110,18,42,89,41,42
19140,18,42,89,41,73
19170,18,73,89,41,73
19200,98,73,89,41,73
19230,98,73,89,41,73
19260,98,73,95,41,73
19290,98,73,95,41,73
19320,98,95,95,41,73
19350,98,89,98,41,95
19380,98,89,89,41,98
19410,98,98,89,47,98
19440,98,98,89,41,98
19470,98,98,89,41,98
19500,99,16,89,0,99
19530,99,16,89,0,16
19560,99,16,98,0,16
19590,99,16,15,0,56
19620,16,16,99,0,56
19650,16,51,99,0,56
19680,16,51,99,0,58
19710,16,2,2,0,6
19740,67,2,2,0,2
19770,67,2,2,0,26
19800,67,52,2,0,26
19830,67,52,6,0,26
19860,67,52,6,0,26
19890,67,52,2,0,26
19920,57,52,2,0,21
19950,57,27,93,0,21
19980,57,27,93,50,21
20010,61,21,42,50,27
20040,61,21,42,50,27
20070,61,21,53,50,27
20100,61,61,53,50,27
20130,26,61,53,47,74
20160,26,61,53,47,74
20190,26,93,53,25,74
20220,2,93,53,25,74
20250,2,42,53,79,74
20280,2,42,53,79,74
20310,2,42,53,79,74
20340,2,42,27,79,74
20370,26,42,27,79,74
20400,52,42,53,79,74
20430,52,42,53,79,74
20460,52,42,53,79,74
20490,52,81,53,79,74
20520,52,83,53,25,74
20550,52,83,53,25,74
20580,52,6,53,43,74
20610,52,6,53,47,74
20640,71,58,53,47,74
20670,71,58,53,43,74
20700,71,58,53,41,38
20730,71,58,53,41,38
20760,77,58,53,41,38
20790,77,58,53,41,38
20820,77,16,21,41,41
20850,13,16,21,41,41
20880,13,51,21,41,41
20910,13,51,21,41,41
20940,13,51,52,41,41
20970,13,51,21,41,41
21000,13,51,38,47,41
21030,4,51,38,41,41
21060,4,51,38,41,41
21090,4,51,38,41,41
21120,4,51,38,41,41
21150,4,51,38,92,41
21180,4,74,38,92,92
21210,4,74,38,92,92
21240,4,61,38,96,92
21270,4,61,38,92,92
21300,4,61,38,92,92
21330,76,61,38,96,92
21360,76,61,38,96,52
21390,76,61,38,52,52
21420,76,74,38,52,52
21450,4,74,65,52,52
21480,4,57,65,52,52
21510,4,57,19,52,21
21540,4,57,19,74,27
21570,4,57,19,74,27
21600,4,57,19,74,74
21630,4,38,19,74,74
21660,77,38,19,74,74
21690,77,38,19,57,74
21720,77,38,19,57,74
21750,32,38,19,57,74
21780,32,38,19,57,74
21810,32,38,19,57,10
21840,32,38,19,74,10
21870,32,38,16,51,38
21900,32,38,16,51,38
21930,18,38,16,2,38
21960,18,38,16,2,38
21990,18,38,16,2,38
22020,18,38,16,2,38
22050,15,38,16,2,38
22080,15,38,16,65,38
22110,18,38,16,65,38
22140,18,38,16,65,38
22170,18,38,58,65,38
22200,18,38,58,65,38
22230,18,38,61,65,38
22260,18,38,61,65,38
22290,18,38,61,65,38
22320,18,38,61,65,38
22350,18,38,61,65,38
22380,18,38,10,65,38
22410,18,51,10,65,38
22440,18,51,74,65,38
22470,18,51,74,65,38
22500,18,51,27,65,38
22530,18,51,27,65,38
22560,18,51,27,65,38
22590,18,51,10,65,38
22620,18,83,10,65,38
22650,18,83,10,65,38
22680,18,83,61,65,16
22710,18,83,61,65,16
22740,18,83,10,65,16
22770,18,83,10,65,16
22800,18,83,93,65,16
22830,18,83,93,65,16
22860,18,83,93,65,16
22890,18,42,93,65,16
22920,18,82,42,65,16
22950,18,82,42,65,16
22980,18,81,42,65,16
23010,18,81,42,65,16
23040,18,81,42,65,16
23070,18,81,58,65,16
23100,18,83,58,65,16
23130,32,83,2,65,16
23160,32,83,2,19,16
23190,32,83,2,19,16
23220,32,83,2,19,16
23250,32,83,2,19,16
23280,32,83,2,19,16
23310,77,83,93,19,16
23340,77,6,26,19,58
23370,71,58,26,19,58
23400,71,58,52,19,58
23430,71,52,52,19,52
23460,71,52,52,19,21
23490,71,52,52,99,21
23520,71,52,52,16,21
23550,71,52,52,16,21
23580,71,52,52,16,21
23610,71,52,52,16,21
23640,71,52,52,16,21
23670,71,52,26,16,21
23700,9,52,26,16,27
23730,9,52,61,16,27
23760,55,52,61,16,27
23790,55,21,61,16,27
23820,55,27,61,16,51
23850,55,74,10,16,51
23880,55,74,10,16,51
23910,71,67,74,51,51
23940,9,67,67,51,51
23970,9,51,67,2,51
24000,9,51,51,2,51
24030,71,6,51,2,2
24060,71,6,51,2,2
24090,71,6,51,26,2
24120,71,67,51,61,2
24150,71,67,51,61,2
24180,71,26,51,61,2
24210,71,26,51,74,2
24240,71,26,51,74,2
24270,71,26,51,61,2
24300,71,26,58,61,2
24330,71,26,56,61,2
24360,71,26,56,52,2
24390,71,26,58,52,2
24420,71,26,58,52,2
24450,55,26,58,52,2
24480,55,93,6,52,93
24510,9,42,6,52,93
24540,9,42,6,52,42
24570,9,53,2,52,42
24600,9,53,93,52,42
24630,9,53,93,52,42
24660,9,53,42,52,42
24690,9,53,42,52,42
24720,9,53,42,53,53
24750,9,53,53,53,53
24780,9,53,53,53,53
24810,9,53,53,52,53
24840,9,53,53,52,53
24870,9,53,53,52,53
24900,9,53,53,21,53
24930,9,53,53,21,53
24960,9,53,53,21,53
24990,9,53,53,52,53
25020,9,53,53,52,53
25050,9,53,53,52,53
25080,9,53,53,52,53
25110,9,53,53,52,53
25140,9,53,53,21,53
25170,9,53,52,21,53
25200,77,53,52,21,53
25230,77,21,52,52,53
25260,77,21,52,52,53
25290,13,21,52,27,53
25320,13,27,52,27,53
25350,13,27,10,27,53
25380,13,27,10,27,53
25410,13,21,61,52,21
25440,13,21,52,52,21
25470,13,21,52,52,21
25500,13,21,21,52,21
25530,13,21,21,52,21
25560,13,21,21,52,21
25590,13,21,21,52,21
25620,13,21,21,52,21
25650,13,21,21,21,21
25680,4,21,21,21,21
25710,4,21,10,21,21
25740,4,21,10,27,21
25770,4,21,61,27,21
25800,4,21,61,27,21
25830,77,21,61,27,21
25860,77,21,10,74,27
25890,77,21,10,74,74
25920,9,21,10,57,74
25950,9,21,10,57,57
25980,9,21,10,57,57
26010,9,21,74,57,57
26040,9,21,74,38,38
26070,9,21,74,38,38
26100,9,21,57,38,38
26130,39,21,57,38,38
26160,39,21,57,38,38
26190,39,21,57,38,38
26220,39,21,57,38,38
26250,39,21,74,38,38
26280,39,21,74,38,38
26310,39,21,51,38,38
26340,39,21,51,38,38
26370,39,21,51,38,38
26400,39,21,2,38,38
26430,39,21,2,38,38
26460,39,21,38,38,38
26490,39,21,38,38,38
26520,97,21,38,38,38
26550,97,21,38,38,38
26580,97,21,38,38,38
26610,12,16,38,38,38
26640,12,16,38,38,38
26670,12,16,38,38,38
26700,12,16,38,38,38
26730,12,16,38,38,38
26760,12,16,38,38,38
26790,12,51,38,38,38
26820,12,61,38,38,16
26850,12,27,38,38,16
26880,12,27,38,38,16
26910,12,52,38,38,16
26940,12,52,38,38,16
26970,12,52,38,38,16
27000,12,52,38,38,16
27030,12,52,38,16,51
27060,12,52,38,16,51
27090,12,52,38,16,2
27120,12,52,38,16,2
27150,12,52,38,16,52
27180,12,52,38,16,52
27210,12,52,38,16,52
27240,12,52,38,58,10
27270,12,52,38,58,10
27300,12,52,38,58,10
27330,88,52,38,58,10
27360,88,52,38,58,10
27390,88,52,38,56,93
27420,88,61,32,56,93
27450,88,2,32,56,51
27480,88,2,32,56,58
27510,88,2,32,89,58
27540,88,58,32,89,16
27570,88,58,32,89,16
27600,63,58,32,18,16
27630,60,26,32,18,16
27660,60,26,31,18,61
27690,63,26,31,18,61
27720,63,61,8,18,61
27750,63,52,8,18,61
27780,63,52,8,32,61
27810,63,52,8,32,61
27840,59,52,8,32,61
27870,55,21,31,32,61
27900,55,21,31,32,61
27930,55,21,31,32,61
27960,71,21,32,32,61
27990,71,21,32,32,74
28020,71,21,32,55,74
28050,71,74,32,55,74
28080,71,74,32,55,57
28110,71,74,32,55,57
28140,32,57,71,71,57
28170,32,57,71,71,57
28200,32,57,71,71,57
28230,32,57,71,71,51
28260,32,74,71,71,51
28290,32,51,65,71,51
28320,32,2,65,32,51
28350,32,93,65,71,2
28380,32,93,65,71,2
28410,32,93,65,55,2
28440,18,93,65,55,93
28470,18,42,65,55,93
28500,18,42,65,71,93
28530,18,42,65,71,45
28560,18,45,65,71,45
28590,15,45,65,71,45
28620,15,42,65,71,78
28650,15,42,65,71,78
28680,15,42,65,71,42
28710,15,42,65,71,42
28740,15,42,65,71,93
28770,15,42,65,71,93
28800,15,42,65,71,93
28830,15,42,65,71,93
28860,15,93,65,71,93
28890,15,93,65,71,93
28920,15,93,65,71,2
28950,15,26,65,71,2
28980,99,26,65,71,58
29010,99,10,65,71,58
29040,99,10,65,71,56
29070,99,10,65,13,56
29100,99,10,65,8,16
29130,99,2,65,8,16
29160,99,2,65,8,16
29190,16,58,38,14,16
29220,16,58,19,14,16
29250,38,58,19,14,56
29280,38,58,19,14,16
29310,38,58,19,14,16
29340,38,58,19,14,16
29370,38,58,19,14,16
29400,38,58,19,8,16
29430,38,58,19,8,16
29460,38,58,19,14,16
29490,38,58,19,14,16
29520,38,58,19,8,29
29550,38,58,19,8,29
29580,38,58,19,4,29
29610,38,58,19,4,29
29640,38,58,19,4,29
29670,38,58,19,4,29
29700,38,58,19,4,29
29730,38,58,19,4,29
29760,38,58,19,4,29
29790,38,58,19,4,29
29820,38,58,19,4,29
29850,38,58,15,4,29
29880,38,58,15,4,29
29910,38,58,15,4,29
29940,38,58,15,4,29
29970,38,58,15,4,29
30000,38,58,15,76,29
30030,38,58,15,76,29
30060,38,58,15,76,65
30090,38,58,15,76,65
30120,38,58,15,76,65
30150,38,58,15,4,65
30180,38,58,15,4,65
30210,38,38,99,4,65
30240,38,38,99,4,38
30270,38,38,99,76,38
30300,38,38,99,76,38
30330,38,99,16,76,38
30360,38,99,98,4,38
30390,38,99,98,4,38
30420,38,99,98,4,38
30450,38,51,56,4,38
30480,38,51,56,4,38
30510,38,16,56,8,38
30540,38,16,99,8,38
30570,38,16,99,8,38
30600,39,16,99,8,38
30630,39,16,98,8,38
30660,39,16,98,14,16
30690,39,16,98,14,16
30720,39,16,89,14,16
30750,39,16,89,4,16
30780,39,16,89,4,16
30810,39,16,89,4,16
30840,39,16,98,4,16
30870,39,51,98,4,16
30900,39,16,18,4,16
30930,39,16,18,4,99
30960,9,16,18,76,99
30990,9,16,18,4,99
31020,9,16,18,4,99
31050,9,16,18,4,99
31080,9,16,18,4,99
31110,9,16,18,76,99
31140,9,16,32,76,99
31170,9,16,32,76,99
31200,9,16,32,76,99
31230,9,99,31,4,99
31260,9,99,14,4,99
31290,9,89,14,4,98
31320,9,18,14,4,15
31350,9,18,14,8,15
31380,9,18,14,14,15
31410,9,18,64,14,15
31440,9,18,64,14,15
31470,9,18,64,14,15
31500,9,15,64,14,15
31530,9,15,80,14,15
31560,9,15,64,14,15
31590,9,15,20,14,15
31620,9,15,73,8,15
31650,9,15,73,8,15
31680,9,15,73,4,15
31710,9,15,73,4,15
31740,9,15,73,4,15
31770,9,15,83,4,15
31800,9,15,81,76,99
31830,9,15,81,76,99
31860,9,15,83,4,99
31890,9,15,83,4,99
31920,9,16,73,4,99
31950,39,16,73,4,99
31980,39,16,56,4,99
32010,39,16,56,4,16
32040,39,16,56,13,16
32070,39,61,56,13,16
32100,39,61,2,4,16
32130,39,61,2,4,16
32160,39,61,26,4,16
32190,39,10,26,4,10
32220,39,52,52,4,10
32250,39,52,52,4,10
32280,39,52,52,4,21
32310,39,52,26,4,21
32340,39,53,26,4,52
32370,39,53,26,4,52
32400,12,53,26,4,52
32430,12,52,26,13,52
32460,12,52,26,13,52
32490,12,52,26,4,52
32520,12,52,26,4,52
32550,88,52,93,4,52
32580,88,52,2,4,10
32610,88,52,2,77,61
32640,88,10,2,77,61
32670,88,61,6,77,10
32700,88,61,6,77,10
32730,88,74,81,77,10
32760,88,74,81,77,10
32790,88,74,81,77,10
32820,88,52,81,77,10
32850,88,52,81,77,52
32880,88,52,83,9,52
32910,88,53,82,71,21
32940,88,53,81,71,27
32970,88,53,75,77,52
33000,88,53,75,77,53
33030,88,53,75,77,53
33060,88,53,86,77,53
33090,88,53,86,4,53
33120,88,53,86,4,53
33150,88,53,86,4,53
33180,88,78,86,4,53
33210,88,78,86,4,45
33240,88,78,86,4,45
33270,88,78,86,4,45
33300,88,78,78,8,45
33330,88,78,78,8,78
33360,88,78,78,8,78
33390,88,78,78,8,78
33420,88,75,45,8,78
33450,88,75,45,38,78
33480,88,75,42,38,78
33510,88,75,42,38,78
33540,88,75,45,38,78
33570,88,75,45,38,78
33600,88,78,93,38,78
33630,88,78,93,38,78
33660,88,78,93,38,78
33690,88,78,93,38,78
33720,88,78,93,38,78
33750,88,78,93,38,78
33780,88,78,93,38,78
33810,88,78,93,38,78
33840,88,78,93,38,78
33870,88,78,93,38,78
33900,88,78,93,38,42
33930,88,42,93,38,45
33960,88,42,93,38,45
33990,88,42,93,38,42
34020,88,42,42,38,42
34050,88,42,42,38,42
34080,88,42,42,38,42
34110,88,42,42,38,83
34140,12,42,42,38,83
34170,12,42,42,38,83
34200,12,42,42,38,81
34230,12,42,42,38,81
34260,12,82,42,38,81
34290,12,82,42,38,81
34320,88,83,42,38,81
34350,88,83,82,38,81
34380,88,83,83,38,75
34410,88,82,83,38,75
34440,88,86,75,38,75
34470,88,86,75,38,75
34500,88,86,86,38,75
34530,88,86,86,38,75
34560,12,86,86,38,86
34590,12,86,86,38,86
34620,12,86,86,38,82
34650,12,81,75,38,83
34680,12,81,75,38,83
34710,12,73,81,38,83
34740,39,73,81,38,83
34770,39,73,83,71,83
34800,39,73,83,71,83
34830,39,73,83,77,73
34860,39,73,73,77,73
34890,39,95,73,77,89
34920,39,98,73,77,89
34950,39,89,73,77,89
34980,39,56,73,77,89
35010,49,56,73,77,89
35040,49,16,73,77,89
35070,49,2,73,13,67
35100,49,2,73,13,57
35130,49,6,42,13,57
35160,33,6,42,13,57
35190,33,2,42,77,57
35220,33,93,42,77,57
35250,34,93,42,77,57
35280,34,93,82,77,57
35310,34,42,82,4,74
35340,34,45,82,13,74
35370,34,45,82,13,57
35400,34,78,82,4,57
35430,9,78,82,4,61
35460,9,78,82,8,61
35490,9,78,82,8,26
35520,9,78,82,8,26
35550,9,78,82,8,42
35580,9,78,82,31,42
35610,9,78,81,31,42
35640,9,45,83,31,42
35670,9,45,20,31,42
35700,9,45,20,31,42
35730,9,45,20,31,45
35760,55,45,20,31,45
35790,55,45,14,31,45
35820,71,42,14,31,45
35850,71,42,14,31,45
35880,32,42,14,31,45
35910,32,42,14,31,83
35940,32,42,8,31,83
35970,32,42,13,8,42
36000,32,83,13,8,83
36030,18,83,13,14,83
36060,18,83,13,8,83
36090,18,83,77,4,83
36120,18,83,77,4,83
36150,18,83,13,4,83
36180,18,6,13,8,83
36210,18,83,13,8,83
36240,18,83,13,8,83
36270,18,83,13,8,83
36300,18,83,13,8,83
36330,18,83,13,8,83
36360,18,83,8,8,83
36390,89,83,8,31,83
36420,89,83,31,31,83
36450,89,42,31,31,81
36480,18,42,31,31,42
36510,18,42,31,31,42
36540,18,45,31,31,45
36570,18,45,31,13,45
36600,18,78,31,13,45
36630,18,78,32,13,78
36660,18,78,32,31,78
36690,18,78,32,31,78
36720,18,78,32,31,78
36750,18,45,32,8,78
36780,18,45,32,14,78
36810,18,45,32,14,78
36840,18,45,32,31,78
36870,18,45,32,31,78
36900,18,45,32,31,42
36930,18,42,32,31,42
36960,98,42,32,31,42
36990,98,42,32,31,42
37020,18,81,32,31,81
37050,18,81,32,31,81
37080,18,81,32,31,82
37110,18,81,32,8,82
37140,32,81,32,8,82
37170,32,83,32,14,82
37200,32,83,32,14,81
37230,31,83,32,8,83
37260,31,83,32,8,83
37290,31,83,32,8,83
37320,31,83,32,13,81
37350,31,83,32,13,81
37380,31,83,32,13,83
37410,31,83,32,13,83
37440,31,83,32,13,83
37470,31,83,31,13,81
37500,31,83,31,4,83
37530,31,83,14,4,83
37560,31,83,80,4,83
37590,14,42,80,4,42
37620,14,42,64,4,45
37650,64,42,64,4,45
37680,80,45,64,4,78
37710,80,78,64,4,78
37740,82,78,82,4,78
37770,82,78,82,4,78
37800,82,78,81,14,78
37830,81,78,81,14,78
37860,81,78,83,14,78
37890,83,78,42,14,78
37920,83,78,42,14,78
37950,83,78,82,64,45
37980,81,78,82,64,45
38010,81,78,82,20,45
38040,81,78,82,20,42
38070,81,78,82,82,42
38100,81,75,81,82,82
38130,81,75,81,82,82
38160,81,75,81,82,83
38190,81,75,81,82,83
38220,82,75,81,82,83
38250,30,75,81,82,81
38280,30,82,81,82,81
38310,30,82,81,82,81
38340,30,82,81,82,81
38370,30,82,82,82,83
38400,30,82,82,82,83
38430,30,82,82,82,81
38460,30,83,82,82,81
38490,30,83,82,82,83
38520,30,83,81,82,83
38550,30,83,81,82,83
38580,38,38,81,82,83
38610,38,38,81,81,83
38640,38,38,81,81,73
38670,38,38,73,73,73
38700,38,38,95,73,73
38730,38,38,95,73,73
38760,38,38,95,73,95
38790,38,38,89,95,95
38820,38,38,89,95,89
38850,38,38,89,89,89
38880,38,38,89,89,89
38910,38,38,89,89,89
38940,38,38,89,89,89
38970,38,38,89,89,38
39000,38,38,18,89,38
39030,38,38,18,89,38
39060,38,38,18,89,38
39090,38,38,18,89,38
39120,38,38,18,89,38
39150,38,38,18,89,38
39180,38,38,38,89,38
39210,38,38,38,89,38
39240,38,38,38,89,38
39270,38,38,38,89,38
39300,38,38,38,89,38
39330,38,38,38,89,38
39360,38,38,38,89,38
39390,38,38,38,89,38
39420,38,38,38,89,38
39450,38,38,38,89,38
39480,38,38,38,89,38
39510,38,38,38,89,38
39540,38,38,38,89,38
39570,38,38,38,89,38
39600,38,38,38,89,38
39630,38,38,38,89,38
39660,38,38,38,89,38
39690,38,48,38,89,38
39720,38,48,38,89,38
39750,38,65,38,89,38
39780,38,48,38,89,38
39810,38,55,38,89,38
39840,38,55,38,89,38
39870,38,55,38,89,38
39900,38,55,38,89,38
39930,38,55,38,89,38
39960,38,55,38,89,38
39990,38,55,38,89,38
40020,55,71,38,89,38
40050,55,71,38,89,38
40080,55,71,38,89,38
40110,71,32,38,89,38
40140,71,32,38,89,38
40170,71,32,65,89,38
40200,71,32,38,89,38
40230,71,32,38,38,38
40260,9,32,38,38,38
40290,9,18,38,65,38
40320,9,18,38,65,18
40350,9,18,38,90,18
40380,9,18,38,87,18
40410,55,18,38,87,18
40440,55,18,18,60,18
40470,55,18,18,60,18
40500,55,18,89,13,18
40530,71,18,89,13,15
40560,71,18,89,13,15
40590,71,18,89,13,15
40620,71,18,89,13,98
40650,32,18,89,13,15
40680,32,18,20,13,15
40710,32,18,20,13,15
40740,18,15,80,13,15
40770,32,15,80,13,15
40800,32,15,80,13,15
40830,32,15,14,13,15
40860,32,15,8,13,15
40890,32,99,8,13,15
40920,32,99,8,13,99
40950,32,99,8,13,99
40980,32,16,8,13,16
41010,71,61,8,13,51
41040,71,61,8,77,51
41070,32,10,8,77,51
41100,32,10,8,77,51
41130,32,10,14,77,61
41160,32,10,8,77,61
41190,32,10,8,77,61
41220,32,10,8,77,61
41250,32,10,14,77,10
41280,32,10,14,77,10
41310,55,10,20,77,93
41340,71,10,20,77,93
41370,71,26,20,8,93
41400,60,26,20,8,93
41430,60,21,73,8,93
41460,60,52,73,8,93
41490,60,52,20,13,93
41520,66,21,20,13,93
41550,66,21,20,13,27
41580,66,21,14,13,27
41610,66,21,14,13,27
41640,66,21,14,13,27
41670,66,21,14,13,27
41700,88,21,14,13,27
41730,88,21,14,13,27
41760,88,52,5,13,26
41790,88,52,5,13,10
41820,88,52,5,13,10
41850,88,53,5,13,10
41880,88,53,5,13,52
41910,66,53,5,13,53
41940,66,53,5,13,53
41970,63,53,5,13,53
42000,63,53,5,13,53
42030,63,53,5,13,53
42060,63,45,5,8,53
42090,63,45,5,8,42
42120,63,45,5,8,42
42150,63,45,64,8,83
42180,63,42,64,8,83
42210,63,45,64,8,83
42240,63,42,64,8,83
42270,63,81,64,8,83
42300,66,83,64,8,81
42330,66,83,64,8,81
42360,66,83,64,8,81
42390,66,83,64,8,81
42420,66,81,64,8,81
42450,66,83,64,8,83
42480,24,83,64,8,83
42510,87,81,64,14,81
42540,87,81,64,14,83
42570,87,81,82,31,83
42600,66,81,82,31,83
42630,66,81,81,31,83
42660,24,81,81,31,83
42690,24,81,81,14,83
42720,24,81,83,14,83
42750,24,83,82,14,83
42780,24,83,82,14,83
42810,24,83,82,14,81
42840,24,81,81,14,81
42870,24,83,82,14,83
42900,66,83,64,14,83
42930,66,81,64,14,81
42960,66,81,64,8,73
42990,66,81,80,8,73
43020,66,73,80,8,73
43050,66,73,80,8,95
43080,66,95,80,8,95
43110,66,98,80,8,95
43140,66,98,20,8,98
43170,66,98,20,8,98
43200,87,89,20,14,98
43230,59,89,20,14,98
43260,59,89,20,14,98
43290,59,89,20,14,89
43320,59,89,20,38,89
43350,59,95,20,38,89
43380,59,98,20,38,98
43410,55,98,95,38,98
43440,59,89,95,38,98
43470,9,89,89,38,98
43500,9,89,98,38,98
43530,9,89,98,38,89
43560,9,18,98,38,89
43590,9,18,98,38,89
43620,9,18,98,38,89
43650,9,18,98,38,18
43680,9,18,98,38,18
43710,9,32,89,38,18
43740,9,32,89,38,18
43770,9,32,98,38,32
43800,9,32,98,38,32
43830,9,18,98,38,32
43860,9,18,95,38,32
43890,9,18,95,38,18
43920,9,18,95,38,18
43950,55,18,95,38,18
43980,71,18,95,38,98
44010,32,89,89,38,98
44040,32,89,89,38,89
44070,32,89,89,38,95
44100,32,89,89,38,95
44130,32,89,98,38,95
44160,32,89,98,38,95
44190,32,89,98,38,89
44220,18,16,89,38,16
44250,18,99,89,38,16
44280,18,99,89,38,99
44310,18,99,98,38,99
44340,18,16,98,38,99
44370,18,16,98,38,99
44400,18,16,98,38,99
44430,18,16,98,38,99
44460,18,16,89,38,99
44490,18,16,89,38,99
44520,18,16,56,38,99
44550,18,16,56,38,99
44580,15,16,98,38,99
44610,15,99,98,38,15
44640,15,99,98,38,99
44670,15,99,98,38,99
44700,15,99,98,38,99
44730,99,99,98,38,99
44760,99,99,98,38,99
44790,15,99,89,38,99
44820,15,99,89,38,99
44850,15,99,89,38,15
44880,15,99,98,99,15
44910,15,99,98,99,15
44940,15,99,89,99,15
44970,15,99,98,99,15
45000,15,99,98,99,15
45030,15,99,98,16,15
45060,15,99,98,16,15
45090,15,99,98,56,15
45120,15,99,98,56,99
45150,15,99,98,56,99
45180,18,99,98,56,99
45210,18,99,98,56,99
45240,18,99,98,56,99
45270,18,99,98,56,99
45300,18,16,98,56,99
45330,18,89,98,56,99
45360,89,89,98,95,99
45390,98,89,98,95,99
45420,89,89,89,95,89
45450,89,89,89,98,89
45480,20,89,95,98,89
45510,20,98,95,20,89
45540,20,20,20,20,95
45570,20,20,20,80,95
45600,20,20,20,80,20
45630,20,20,14,14,20
45660,8,80,14,14,20
45690,8,80,8,14,20
45720,8,80,8,14,20
45750,14,80,8,14,20
45780,14,80,8,13,20
45810,77,80,14,13,14
45840,77,80,8,13,14
45870,77,80,8,13,14
45900,77,80,14,13,14
45930,9,80,14,4,20
45960,9,80,14,4,20
45990,9,64,14,4,20
46020,9,20,20,4,20
46050,9,20,73,8,20
46080,9,20,95,31,95
46110,9,20,95,31,95
46140,9,95,73,31,56
46170,9,56,73,31,56
46200,9,56,95,31,56
46230,9,56,95,31,56
46260,9,61,95,31,2
46290,9,61,95,31,2
46320,71,27,95,31,2
46350,71,27,95,31,2
46380,71,52,95,31,2
46410,32,52,95,31,2
46440,32,52,95,31,2
46470,32,52,95,31,2
46500,18,52,95,31,2
46530,18,52,95,31,2
46560,18,27,98,31,2
46590,18,27,89,31,2
46620,18,27,89,31,2
46650,18,27,89,32,2
46680,18,27,89,32,2
46710,18,26,89,32,2
46740,18,26,89,32,58
46770,18,26,89,18,58
46800,18,26,89,18,58
46830,18,2,89,18,58
46860,18,2,98,18,83
46890,18,81,98,18,83
46920,18,81,98,18,83
46950,18,81,98,18,83
46980,18,81,98,89,83
47010,98,81,98,89,83
47040,89,58,98,98,83
47070,89,58,89,98,83
47100,99,58,89,89,81
47130,99,58,89,89,81
47160,99,58,89,89,81
47190,99,58,89,89,83
47220,99,58,99,89,6
47250,56,58,99,95,6
47280,89,58,99,95,6
47310,89,58,99,89,58
47340,89,58,99,89,58
47370,98,58,99,89,58
47400,95,58,99,89,58
47430,95,58,99,89,58
47460,98,58,99,89,58
47490,89,56,99,89,58
47520,89,56,99,89,58
47550,18,98,99,89,56
47580,18,98,99,89,56
47610,18,98,99,89,89
47640,18,98,99,89,89
47670,18,98,15,18,89
47700,18,89,15,18,18
47730,18,98,15,18,18
47760,32,18,15,32,18
47790,32,18,15,32,18
47820,32,18,15,32,18
47850,32,18,15,32,32
47880,71,32,15,32,32
47910,71,32,15,32,32
47940,71,32,15,31,32
47970,71,71,19,31,32
48000,71,71,19,31,71
48030,9,60,32,8,71
48060,9,60,32,8,63
48090,9,60,32,8,63
48120,9,63,32,31,63
48150,9,63,32,31,63
48180,9,66,32,31,63
48210,9,88,32,31,63
48240,9,88,32,31,63
48270,9,88,32,31,88
48300,9,88,32,31,88
48330,9,88,32,31,88
48360,9,12,32,31,88
48390,9,12,32,32,88
48420,9,12,32,32,88
48450,9,12,32,32,88
48480,55,12,32,32,88
48510,55,12,32,32,88
48540,55,12,32,32,88
48570,55,12,32,32,88
48600,71,12,32,32,88
48630,55,63,32,32,88
48660,54,63,32,32,12
48690,54,63,32,31,63
48720,54,63,32,31,63
48750,54,63,31,31,63
48780,54,63,31,31,63
48810,19,63,31,31,63
48840,19,63,31,31,63
48870,19,63,31,32,63
48900,15,32,14,32,63
48930,15,32,14,32,55
48960,15,32,14,32,55
48990,15,32,14,32,71
49020,15,32,14,32,71
49050,99,32,14,32,32
49080,99,32,14,32,32
49110,51,18,14,32,32
49140,2,18,14,71,18
49170,2,18,14,71,18
49200,2,18,14,71,18
49230,2,18,14,71,18
49260,10,18,14,71,18
49290,74,18,14,71,18
49320,74,18,14,71,18
49350,74,18,14,71,18
49380,74,18,14,32,18
49410,57,18,20,32,18
49440,15,18,20,31,18
49470,15,18,20,31,18
49500,15,18,20,31,32
49530,15,31,20,31,32
49560,15,31,95,31,31
49590,15,31,89,31,31
49620,15,31,18,31,31
49650,15,31,18,31,31
49680,15,31,18,31,31
49710,15,31,18,31,31
49740,15,31,18,31,31
49770,15,31,18,32,31
49800,15,31,18,32,31
49830,18,31,18,32,31
49860,32,31,18,32,32
49890,32,31,18,32,32
49920,32,32,32,32,32
49950,32,32,32,32,32
49980,32,77,32,32,32
50010,32,77,32,32,32
50040,32,77,32,32,32
50070,32,77,32,32,32
50100,32,77,32,31,32
50130,32,77,32,31,32
50160,32,8,31,31,32
50190,31,8,31,31,31
50220,31,8,31,31,31
50250,31,8,31,31,31
50280,31,14,31,31,31
50310,31,14,31,31,31
50340,31,14,31,8,31
50370,14,14,31,8,31
50400,80,80,80,14,14
50430,80,80,80,14,64
50460,80,64,64,14,64
50490,80,64,64,80,80
50520,80,64,80,80,80
50550,80,64,80,80,80
50580,80,64,80,80,80
50610,80,64,80,80,80
50640,80,64,80,80,80
50670,80,64,80,80,80
50700,80,64,80,80,80
50730,80,20,80,80,80
50760,80,20,80,80,80
50790,80,20,80,80,80
50820,80,20,64,80,64
50850,80,20,20,80,20
50880,80,20,20,64,20
50910,80,20,20,20,20
50940,64,20,20,20,20
50970,20,20,20,20,95
51000,20,73,95,20,73
51030,20,73,98,20,73
51060,20,20,98,20,73
51090,20,20,98,20,73
51120,89,20,98,20,73
51150,89,20,98,20,73
51180,89,20,95,20,95
51210,89,20,95,20,95
51240,89,20,95,20,95
51270,89,20,89,20,95
51300,89,20,89,20,98
51330,89,98,89,20,98
51360,89,89,89,95,98
51390,18,89,98,73,98
51420,18,16,98,20,98
51450,18,16,98,20,89
51480,18,16,98,20,89
51510,15,16,98,20,16
51540,15,61,98,73,16
51570,15,61,98,95,16
51600,15,61,89,95,16
51630,15,61,18,95,61
51660,15,61,18,20,61
51690,15,61,18,20,61
51720,15,10,18,20,61
51750,15,10,18,20,61
51780,15,10,18,20,61
51810,15,10,18,20,61
51840,15,10,15,20,61
51870,15,10,15,98,10
51900,15,10,15,98,10
51930,15,26,15,20,2
51960,15,26,15,20,26
51990,15,2,15,20,93
52020,19,2,15,20,2
52050,19,83,15,20,2
52080,19,83,15,95,2
52110,19,83,15,95,83
52140,19,83,98,95,83
52170,19,83,98,95,42
52200,19,83,98,95,42
52230,19,42,98,95,42
52260,40,45,98,98,42
52290,40,45,89,20,42
52320,40,45,95,20,78
52350,55,78,95,95,78
52380,55,78,95,95,78
52410,55,78,95,98,78
52440,71,78,98,98,42
52470,77,78,98,98,42
52500,77,78,98,98,42
52530,77,45,98,98,42
52560,77,45,98,98,42
52590,77,45,98,98,42
52620,77,78,98,95,42
52650,77,78,98,95,42
52680,77,78,98,95,42
52710,77,73,98,95,42
52740,77,73,98,20,81
52770,77,73,95,20,81
52800,20,73,95,73,81
52830,20,73,95,95,83
52860,20,73,20,73,82
52890,20,73,20,20,82
52920,20,73,20,20,82
52950,20,73,20,20,81
52980,20,73,20,20,81
53010,20,73,20,20,73
53040,20,73,20,20,73
53070,20,73,20,20,73
53100,20,73,20,20,73
53130,20,20,20,20,73
53160,20,20,20,20,73
53190,20,95,20,20,73
53220,20,95,20,20,73
53250,20,81,20,20,73
53280,20,81,20,20,73
53310,20,64,20,20,73
53340,20,64,20,20,82
53370,20,64,20,20,82
53400,20,64,20,80,82
53430,20,64,20,80,82
53460,20,64,20,80,82
53490,20,64,20,80,82
53520,20,64,20,14,82
53550,20,64,20,14,82
53580,20,80,20,14,82
53610,80,80,20,14,82
53640,80,80,20,14,82
53670,80,80,20,14,82
53700,80,64,20,64,82
53730,80,64,20,64,82
53760,80,64,20,80,82
53790,80,80,20,80,82
53820,80,64,20,64,82
53850,80,64,20,64,82
53880,80,64,20,64,82
53910,80,20,20,14,82
53940,80,20,20,14,82
53970,14,20,20,14,82
54000,14,20,20,14,82
54030,14,20,20,14,82
54060,14,80,20,14,20
54090,31,80,20,31,20
54120,80,80,20,14,20
54150,80,80,20,14,20
54180,80,80,20,14,20
54210,80,80,20,14,20
54240,14,64,20,14,38
54270,14,64,20,14,38
54300,14,64,20,64,38
54330,14,64,20,64,38
54360,31,64,20,5,38
54390,31,64,20,5,38
54420,31,64,20,5,80
54450,31,64,64,5,80
54480,38,64,64,5,80
54510,38,64,64,64,80
54540,38,64,64,64,80
54570,38,64,80,80,80
54600,38,64,80,80,80
54630,38,64,14,80,80
54660,38,64,14,80,80
54690,18,64,14,80,80
54720,18,64,14,80,80
54750,18,64,14,80,14
54780,18,64,14,64,14
54810,18,64,14,14,14
54840,18,64,14,14,14
54870,18,64,14,14,14
54900,18,64,8,31,14
54930,18,64,8,31,14
54960,18,64,38,14,14
54990,18,64,38,14,14
55020,18,64,38,14,14
55050,18,64,38,14,14
55080,18,64,38,76,38
55110,18,64,38,76,38
55140,18,64,38,76,38
55170,18,64,38,76,38
55200,18,64,38,76,38
55230,18,64,18,76,38
55260,18,64,18,76,38
55290,18,64,18,76,38
55320,18,64,31,37,38
55350,18,64,31,37,38
55380,18,64,31,37,38
55410,18,64,31,37,38
55440,18,64,14,37,38
55470,18,64,14,37,38
55500,18,64,14,37,38
55530,18,64,20,38,38
55560,18,64,20,38,38
55590,18,64,20,38,38
55620,18,64,20,38,38
55650,18,64,73,38,38
55680,18,64,95,38,38
55710,18,64,95,38,38
55740,18,64,95,38,38
55770,18,64,73,38,38
55800,18,38,73,89,38
55830,18,38,73,89,38
55860,18,38,95,89,38
55890,18,38,73,89,38
55920,18,32,73,89,38
55950,18,32,73,95,38
55980,18,32,73,95,38
56010,18,31,95,95,38
56040,18,31,95,98,38
56070,18,31,95,98,38
56100,18,31,95,98,38
56130,18,31,73,98,38
56160,18,31,73,98,38
56190,18,31,73,98,38
56220,18,31,73,98,38
56250,18,14,20,98,38
56280,18,14,20,98,38
56310,18,14,73,20,38
56340,18,14,73,20,38
56370,18,14,73,20,38
56400,18,14,73,20,38
56430,98,14,73,95,38
56460,98,14,73,95,38
56490,89,14,81,95,38
56520,89,31,81,95,38
56550,89,31,83,95,38
56580,89,31,83,95,38
56610,89,31,73,95,38
56640,89,32,73,98,38
56670,89,32,56,15,71
56700,89,55,56,15,32
56730,89,55,56,15,71
56760,89,55,56,15,71
56790,18,55,56,15,63
56820,18,63,56,15,63
56850,18,63,6,15,63
56880,18,63,51,19,63
56910,18,88,51,19,63
56940,18,88,57,19,63
56970,18,88,57,19,63
57000,18,88,57,19,88
57030,32,88,57,19,88
57060,32,88,57,40,88
57090,77,88,57,40,88
57120,77,88,57,40,88
57150,77,12,57,40,88
57180,77,12,57,40,12
57210,77,12,57,55,12
57240,77,63,67,55,12
57270,77,63,67,55,63
57300,13,63,67,59,63
57330,4,63,67,60,63
57360,4,66,67,60,63
57390,4,63,67,55,63
57420,4,55,16,9,63
57450,4,55,16,9,55
57480,4,55,16,71,55
57510,4,71,16,71,55
57540,4,54,16,71,71
57570,4,54,99,71,55
57600,4,54,15,71,55
57630,4,54,15,71,19
57660,4,19,15,71,19
57690,4,19,15,71,19
57720,38,67,15,71,19
57750,38,67,15,77,19
57780,38,67,15,77,19
57810,38,67,19,77,99
57840,38,67,19,77,99
57870,38,67,54,77,99
57900,38,67,29,77,99
57930,38,67,29,77,99
57960,38,67,29,77,67
57990,38,67,29,77,67
58020,71,67,29,77,67
58050,71,67,48,77,67
58080,71,67,48,71,67
58110,71,67,65,32,67
58140,71,67,65,32,67
58170,71,74,65,32,67
58200,71,74,65,32,67
58230,71,74,38,32,67
58260,71,57,65,32,67
58290,71,57,65,32,67
58320,71,57,65,71,57
58350,71,57,65,71,57
58380,71,74,48,71,57
58410,71,57,48,71,57
58440,38,74,48,71,57
58470,38,74,62,55,74
58500,38,52,62,55,26
58530,38,52,59,59,10
58560,38,52,59,59,52
58590,38,53,59,59,52
58620,38,53,40,59,53
58650,38,53,40,59,53
58680,38,53,62,59,53
58710,38,45,62,59,53
58740,38,45,62,59,53
58770,38,45,59,59,53
58800,38,45,59,59,53
58830,88,21,59,59,53
58860,88,21,59,60,53
58890,88,21,59,60,53
58920,88,52,59,60,53
58950,88,52,59,60,53
58980,88,52,59,60,53
59010,88,52,87,60,21
59040,88,52,87,59,21
59070,88,52,87,59,27
59100,88,52,87,59,27
59130,88,52,87,62,27
59160,88,52,87,62,21
59190,88,52,88,87,21
59220,88,52,88,59,21
59250,88,52,65,55,21
59280,88,52,65,55,21
59310,88,52,38,55,21
59340,88,53,38,55,27
59370,88,53,38,55,38
59400,88,53,38,55,38
59430,12,53,65,55,38
59460,12,53,65,55,38
59490,12,65,65,55,38
59520,12,65,40,55,38
59550,12,65,40,55,38
59580,12,65,40,71,38
59610,12,65,40,71,38
59640,12,65,40,71,38
59670,12,65,59,77,38
59700,12,65,59,77,38
59730,12,65,71,77,38
59760,12,65,71,77,38
59790,12,65,71,77,38
59820,88,65,55,77,38
59850,88,65,55,71,38
59880,88,65,9,71,38
59910,88,65,9,71,38
59940,88,65,9,71,38
59970,88,65,9,9,38
60000,88,65,9,9,38
60030,88,65,9,77,38
60060,88,65,9,77,38
60090,88,65,39,34,38
60120,88,65,39,34,38
60150,88,65,39,77,38
60180,88,65,97,34,38
60210,88,65,97,34,38
60240,88,65,97,34,38
60270,39,65,97,34,38
60300,39,65,97,34,38
60330,39,65,97,34,38
60360,12,65,97,97,38
60390,12,65,97,97,38
60420,94,65,94,97,38
60450,94,65,94,97,38
60480,94,65,94,97,38
60510,94,65,94,97,38
60540,94,65,94,97,38
60570,94,65,97,97,38
60600,12,65,97,50,38
60630,12,65,97,50,38
60660,12,65,97,50,38
60690,12,65,97,50,38
60720,12,65,39,50,38
60750,91,65,39,50,38
60780,91,65,39,97,38
60810,92,65,39,34,38
60840,92,65,39,77,38
60870,92,65,9,77,38
60900,92,65,9,77,38
60930,92,65,9,77,38
60960,92,65,9,77,38
60990,92,65,55,77,38
61020,92,65,55,9,38
61050,92,38,55,9,38
61080,92,48,55,9,38
61110,19,65,55,9,48
61140,19,19,71,9,48
61170,19,19,55,9,19
61200,19,19,55,9,19
61230,19,19,19,71,19
61260,15,19,19,71,19
61290,15,19,19,71,19
61320,15,19,19,71,19
61350,15,19,19,77,19
61380,15,19,19,77,19
61410,15,15,19,77,19
61440,15,19,54,77,19
61470,15,19,32,77,19
61500,15,54,32,77,19
61530,98,32,32,77,54
61560,98,32,32,77,32
61590,15,32,32,77,32
61620,15,32,32,77,32
61650,15,31,32,77,32
61680,18,31,31,13,32
61710,18,31,14,13,31
61740,18,31,14,13,31
61770,18,31,14,13,31
61800,18,31,14,77,31
61830,18,31,14,77,31
61860,18,31,14,77,31
61890,18,32,14,77,32
61920,18,32,31,77,32
61950,18,32,31,32,32
61980,18,18,31,32,32
62010,18,18,31,59,18
62040,18,18,32,59,18
62070,18,18,32,59,18
62100,18,15,32,59,18
62130,15,15,54,59,18
62160,15,56,54,59,15
62190,19,56,54,59,56
62220,19,56,54,60,56
62250,19,56,54,60,56
62280,19,56,54,60,56
62310,19,58,19,60,58
62340,19,58,19,60,58
62370,19,93,19,60,58
62400,40,93,19,60,2
62430,40,93,29,60,93
62460,60,42,29,60,93
62490,60,42,29,60,42
62520,60,42,29,60,42
62550,60,42,29,60,42
62580,60,42,29,60,53
62610,59,53,29,60,53
62640,59,53,29,60,53
62670,59,53,29,60,53
62700,59,53,29,60,53
62730,55,21,29,60,38
62760,55,21,29,60,38
62790,55,59,29,60,38
62820,55,59,29,60,38
62850,55,59,62,59,38
62880,55,59,87,59,38
62910,55,59,87,59,38
62940,55,55,87,55,38
62970,71,55,60,55,65
63000,71,55,60,71,38
63030,71,55,60,55,38
63060,71,55,59,55,65
63090,71,71,60,71,65
63120,71,71,60,71,90
63150,71,59,60,60,90
63180,71,59,60,60,90
63210,71,59,62,59,90
63240,71,59,62,59,87
63270,71,60,62,59,87
63300,71,60,62,59,60
63330,71,66,48,59,87
63360,38,66,48,59,66
63390,38,66,48,59,66
63420,38,66,48,59,66
63450,38,66,48,59,66
63480,38,66,65,59,66
63510,38,66,65,60,66
63540,38,66,65,60,66
63570,38,66,65,60,66
63600,38,66,65,60,66
63630,59,66,65,87,66
63660,59,66,38,87,66
63690,59,66,65,65,66
63720,59,66,65,65,66
63750,59,66,29,65,66
63780,62,66,29,65,66
63810,90,66,29,65,66
63840,65,66,29,38,66
63870,65,66,29,38,60
63900,65,87,29,90,60
63930,65,87,48,90,60
63960,38,87,48,87,60
63990,38,40,48,87,60
64020,29,40,48,62,87
64050,29,40,48,90,90
64080,29,40,48,90,90
64110,29,40,48,29,90
64140,90,40,48,29,90
64170,90,40,48,29,90
64200,90,40,29,29,90
64230,40,40,29,29,90
64260,40,40,29,29,90
64290,40,40,48,29,90
64320,40,90,29,29,40
64350,40,90,29,29,40
64380,40,90,29,29,40
64410,40,90,29,29,40
64440,29,40,29,29,40
64470,29,40,29,29,40
64500,29,40,29,29,40
64530,40,62,29,29,40
64560,40,62,40,29,40
64590,40,62,40,29,87
64620,40,62,40,29,87
64650,40,62,40,29,87
64680,40,59,40,40,87
64710,40,59,40,62,87
64740,40,59,40,62,87
64770,40,59,40,62,87
64800,40,59,40,62,60
64830,40,60,29,40,60
64860,29,60,29,40,60
64890,29,62,29,40,60
64920,29,62,29,40,60
64950,19,87,40,90,90
64980,19,90,40,90,90
65010,38,90,40,90,90
65040,38,48,40,90,90
65070,38,65,29,90,48
65100,38,38,29,90,65
65130,38,38,29,90,65
65160,38,38,29,90,38
65190,38,38,29,29,38
65220,38,48,29,29,65
65250,38,48,29,29,48
65280,38,48,29,29,48
65310,38,48,29,29,48
65340,38,48,29,29,29
65370,38,29,29,29,29
65400,38,29,29,29,29
65430,38,29,29,29,29
65460,38,29,29,29,29
65490,40,29,29,29,29
65520,40,29,29,29,29
65550,40,29,29,29,29
65580,40,29,40,29,38
65610,40,29,29,29,38
65640,29,29,29,29,38
65670,29,29,29,38,38
65700,29,29,29,38,38
65730,29,29,48,38,38
65760,29,29,38,38,38
65790,29,40,38,38,38
65820,40,40,38,38,38
65850,40,40,38,38,29
65880,40,40,38,38,29
65910,40,40,38,38,29
65940,29,19,38,38,29
65970,29,19,38,38,29
66000,29,19,19,38,29
66030,29,19,19,38,29
66060,19,19,19,38,29
66090,19,19,19,38,19
66120,19,19,19,38,54
66150,19,19,19,38,54
66180,19,19,19,38,54
66210,19,19,19,38,54
66240,19,19,19,38,54
66270,19,19,19,38,54
66300,19,19,19,38,54
66330,19,19,19,38,54
66360,18,54,19,38,54
66390,18,54,15,38,54
66420,18,18,15,38,32
66450,89,32,15,38,18
66480,89,32,15,38,32
66510,89,32,15,38,32
66540,89,71,98,38,32
66570,73,71,89,38,71
66600,95,71,89,38,71
66630,95,71,89,38,55
66660,73,71,73,38,71
66690,73,71,73,38,71
66720,73,71,73,38,77
66750,73,71,73,38,77
66780,95,77,73,38,77
66810,95,77,20,38,77
66840,98,77,20,38,77
66870,15,77,20,38,77
66900,15,13,14,38,4
66930,99,4,14,38,4
66960,99,4,14,38,4
66990,99,4,14,38,4
67020,99,4,13,38,76
67050,99,4,13,38,76
67080,99,4,13,38,76
67110,99,4,13,38,76
67140,99,76,4,38,76
67170,99,76,4,38,76
67200,99,76,4,38,76
67230,15,3,34,38,3
67260,15,3,34,38,5
67290,15,5,76,38,5
67320,18,3,76,38,3
67350,18,3,76,38,3
67380,18,5,76,38,3
67410,18,5,4,38,3
67440,18,30,4,38,1
67470,18,30,4,38,1
67500,18,30,76,38,1
67530,18,1,76,38,1
67560,18,1,76,38,1
67590,18,30,3,38,1
67620,18,30,3,38,1
67650,18,1,3,38,1
67680,32,1,1,38,1
67710,32,1,1,38,1
67740,32,72,86,38,1
67770,32,72,86,38,1
67800,32,35,86,90,72
67830,13,35,86,90,72
67860,13,35,86,90,72
67890,13,1,86,90,72
67920,13,1,86,90,72
67950,13,1,86,90,72
67980,13,1,1,71,72
68010,76,1,1,71,72
68040,76,1,1,71,72
68070,76,1,1,71,72
68100,76,1,1,71,72
68130,72,1,1,71,72
68160,72,1,1,71,72
68190,72,1,1,71,72
68220,72,1,1,77,72
68250,72,1,1,77,72
68280,72,1,1,77,72
68310,72,1,1,76,72
68340,72,1,1,76,72
68370,72,1,1,76,72
68400,72,1,1,76,1
68430,72,1,1,76,1
68460,1,1,1,76,1
68490,1,1,1,76,1
68520,1,1,1,76,1
68550,1,1,1,76,1
68580,1,1,1,72,1
68610,1,1,1,72,1
68640,1,1,1,72,86
68670,72,1,1,72,86
68700,72,1,1,72,86
68730,72,1,1,72,86
68760,72,1,1,35,86
68790,72,1,1,35,86
68820,72,1,1,35,86
68850,72,1,1,35,86
68880,1,1,38,35,1
68910,1,1,38,35,1
68940,1,1,38,35,1
68970,1,1,38,35,38
69000,1,1,38,35,38
69030,1,1,38,35,38
69060,1,1,38,1,38
69090,1,1,38,1,38
69120,1,1,38,1,38
69150,1,36,38,1,38
69180,1,36,38,1,38
69210,86,35,38,1,38
69240,86,35,38,1,38
69270,1,35,38,86,38
69300,86,35,38,86,38
69330,86,65,38,35,38
69360,86,65,38,35,38
69390,86,65,38,35,38
69420,86,65,38,35,38
69450,86,65,38,35,38
69480,86,65,38,35,38
69510,86,65,38,35,38
69540,86,65,38,35,38
69570,86,65,38,36,38
69600,84,65,38,36,38
69630,84,65,38,36,38
69660,84,65,38,36,38
69690,84,65,38,36,38
69720,84,65,38,84,38
69750,84,65,38,84,38
69780,84,65,38,84,38
69810,84,65,38,84,38
69840,84,65,38,84,38
69870,84,65,38,84,38
69900,84,65,38,84,38
69930,84,65,38,84,38
69960,84,65,38,84,38
69990,84,65,38,84,38
70020,84,65,38,84,38
70050,84,65,38,84,38
70080,84,65,38,84,38
70110,84,65,38,84,38
70140,36,65,38,84,38
70170,36,65,38,36,38
70200,36,65,38,36,38
70230,36,65,38,36,38
70260,36,65,38,36,38
70290,36,65,38,36,38
70320,36,65,38,36,38
70350,36,65,38,36,38
70380,36,65,38,36,38
70410,36,65,38,36,38
70440,36,65,38,36,38
70470,84,65,38,84,38
70500,84,65,38,84,38
70530,84,65,38,84,38
70560,84,65,38,84,38
70590,84,65,38,84,38
70620,84,65,38,84,38
70650,84,65,38,84,38
70680,84,65,38,84,38
70710,84,65,38,84,38
70740,84,65,38,84,38
70770,84,65,38,36,38
70800,36,65,38,36,38
70830,36,65,38,36,38
70860,36,65,38,36,38
70890,36,65,38,36,38
70920,36,65,38,36,38
70950,36,65,38,36,38
70980,36,65,38,36,38
71010,36,65,38,36,38
71040,36,65,38,36,38
71070,36,65,18,36,38
71100,36,65,89,36,38
71130,36,65,95,36,38
71160,36,65,98,35,38
71190,36,65,98,35,38
71220,36,65,98,38,38
71250,36,65,73,38,38
71280,36,65,73,38,38
71310,36,65,73,38,65
71340,38,65,73,38,38
71370,38,65,73,38,38
71400,38,65,73,38,38
71430,38,65,73,38,38
71460,38,65,20,38,38
71490,38,65,80,38,38
71520,38,65,20,38,38
71550,38,65,80,38,38
71580,38,65,80,38,38
71610,38,65,64,24,38
71640,38,65,5,24,38
71670,38,65,5,24,38
71700,38,65,5,24,38
71730,38,38,64,24,38
71760,38,65,14,24,38
71790,38,65,14,24,38
71820,38,88,64,24,38
71850,38,88,64,24,38
71880,38,88,31,87,12
71910,38,88,31,87,12
71940,38,88,31,87,12
71970,38,88,31,87,12
72000,38,88,31,62,12
72030,38,88,31,87,12
72060,38,88,31,87,12
72090,38,88,31,87,12
72120,38,12,31,87,12
72150,38,12,31,87,12
72180,38,12,31,60,12
72210,38,12,31,60,12
72240,38,91,31,60,12
72270,38,91,31,60,12
72300,38,92,31,59,12
72330,38,92,31,87,91
72360,38,92,31,87,91
72390,38,92,31,87,91
72420,38,92,31,87,96
72450,38,92,31,87,96
72480,38,96,32,87,96
72510,38,96,32,87,96
72540,38,96,32,87,96
72570,38,0,32,60,96
72600,38,0,32,60,0
72630,38,0,32,60,0
72660,38,69,32,60,0
72690,38,69,32,60,0
72720,38,69,32,60,0
72750,38,69,54,60,0
72780,38,69,54,60,0
72810,38,69,54,60,0
72840,38,0,54,59,0
72870,38,96,54,59,0
72900,38,96,54,59,0
72930,38,96,54,71,96
72960,38,96,19,71,96
72990,38,96,19,71,96
73020,38,96,29,59,92
73050,38,0,29,59,96
73080,38,0,29,59,96
73110,38,0,87,59,96
73140,38,0,87,59,0
73170,38,0,87,60,0
73200,38,0,87,60,0
73230,38,69,87,59,0
73260,38,69,87,59,0
73290,38,38,87,59,38
73320,38,38,87,59,38
73350,38,38,59,55,38
73380,38,38,59,55,38
73410,38,38,59,59,38
73440,38,38,59,59,38
73470,38,38,59,59,38
73500,38,38,59,55,38
73530,38,38,59,55,38
73560,38,38,59,55,38
73590,38,38,87,59,38
73620,38,38,60,59,38
73650,38,38,87,59,38
73680,38,38,87,55,38
73710,38,38,90,55,38
73740,38,38,90,55,38
73770,38,38,90,55,38
73800,38,38,90,55,38
73830,38,38,90,55,38
73860,38,38,90,55,38
73890,38,38,90,55,38
73920,38,38,90,55,38
73950,38,38,90,40,38
73980,38,38,90,40,38
74010,38,38,90,40,38
74040,38,38,90,38,38
74070,38,38,90,38,38
74100,38,38,48,38,38
74130,38,38,48,38,38
74160,38,38,48,38,38
74190,38,38,48,38,38
74220,38,38,48,38,38
74250,38,38,48,38,38
74280,38,38,48,38,38
74310,38,38,48,38,38
74340,38,38,48,65,38
74370,38,38,48,48,38
74400,38,38,48,48,38
74430,38,38,48,48,38
74460,38,38,48,48,38
74490,48,38,48,48,38
74520,62,38,48,90,38
74550,62,38,48,90,38
74580,87,38,48,90,38
74610,87,38,48,90,38
74640,87,38,62,90,38
74670,87,38,62,90,38
74700,59,38,62,60,38
74730,55,38,40,60,38
74760,55,60,40,60,38
74790,55,60,59,59,38
74820,55,55,40,59,38
74850,40,55,40,59,38
74880,59,71,40,55,38
74910,59,55,40,55,38
74940,59,55,40,40,38
74970,55,55,40,40,38
75000,55,55,40,40,38
75030,40,59,40,40,38
75060,40,59,40,40,38
75090,40,19,40,40,38
75120,29,19,62,40,38
75150,29,29,62,40,38
75180,29,29,62,40,38
75210,19,29,40,40,38
75240,19,19,40,40,38
75270,19,19,40,40,38
75300,19,19,40,40,38
75330,54,19,40,40,38
75360,54,19,40,40,38
75390,55,19,40,40,38
75420,55,19,40,40,48
75450,60,54,40,40,48
75480,60,40,40,40,48
75510,63,55,40,40,48
75540,63,55,55,55,48
75570,63,55,55,55,62
75600,63,71,55,55,62
75630,63,71,55,71,62
75660,63,71,71,71,62
75690,63,71,71,71,59
75720,63,77,71,71,59
75750,63,77,71,77,55
75780,38,4,77,77,55
75810,38,76,77,77,55
75840,38,76,77,9,55
75870,38,76,77,9,55
75900,38,76,77,9,71
75930,38,76,77,9,9
75960,38,4,71,9,9
75990,38,4,71,9,9
76020,38,34,9,9,9
76050,38,34,9,9,9
76080,38,34,9,77,9
76110,38,34,9,77,9
76140,38,34,9,9,9
76170,38,33,9,9,60
76200,38,33,9,9,60
76230,38,34,55,9,60
76260,38,34,55,9,60
76290,38,34,55,9,60
76320,38,34,63,59,60
76350,38,34,63,59,60
76380,63,39,63,59,60
76410,59,39,63,59,60
76440,59,39,63,59,63
76470,59,9,63,59,63
76500,59,9,63,59,63
76530,55,88,59,59,63
76560,55,88,59,60,60
76590,40,88,59,60,60
76620,40,88,40,60,60
76650,40,12,40,60,60
76680,40,12,62,60,60
76710,40,66,62,60,60
76740,40,66,62,59,66
76770,29,66,62,59,66
76800,29,66,40,59,66
76830,29,66,40,59,66
76860,29,66,29,59,66
76890,29,66,29,59,66
76920,29,66,62,59,59
76950,29,66,62,55,59
76980,29,66,90,55,59
77010,29,24,90,55,59
77040,29,87,90,55,59
77070,29,60,90,55,59
77100,29,60,62,55,59
77130,29,59,62,55,59
77160,29,55,62,55,59
77190,29,55,62,55,59
77220,29,59,62,55,59
77250,29,59,62,55,59
77280,29,59,62,55,59
77310,19,40,62,55,59
77340,19,40,62,60,59
77370,19,40,62,60,59
77400,19,29,62,60,62
77430,19,29,62,60,62
77460,19,29,62,59,29
77490,19,62,29,59,29
77520,19,87,29,59,40
77550,19,87,29,59,40
77580,19,87,29,62,87
77610,19,62,29,62,62
77640,19,62,29,62,62
77670,19,62,29,62,62
77700,19,62,29,62,62
77730,19,62,29,62,62
77760,15,87,29,90,62
77790,38,87,29,90,62
77820,38,87,29,90,62
77850,38,87,29,62,62
77880,38,60,29,62,87
77910,90,60,29,62,87
77940,90,60,29,62,87
77970,90,60,29,62,87
78000,90,60,29,90,90
78030,90,60,29,90,90
78060,90,59,29,90,90
78090,90,59,29,90,90
78120,90,59,29,90,62
78150,62,59,29,90,62
78180,90,59,29,40,62
78210,90,59,29,40,62
78240,87,59,29,62,40
78270,87,40,29,62,40
78300,62,40,29,40,40
78330,90,62,29,40,40
78360,90,62,29,62,90
78390,90,62,29,87,90
78420,62,62,29,87,87
78450,29,87,29,87,87
78480,29,87,29,62,87
78510,29,60,29,62,87
78540,29,60,29,62,87
78570,40,60,29,90,62
78600,40,60,29,90,62
78630,40,60,29,90,62
78660,40,60,40,62,62
78690,40,60,40,87,62
78720,40,60,62,87,24
78750,40,60,62,87,24
78780,40,60,62,24,24
78810,40,60,90,24,24
78840,62,87,90,24,24
78870,62,24,62,24,24
78900,90,66,87,24,66
78930,66,66,87,66,66
78960,66,66,24,66,66
78990,66,66,24,66,66
79020,66,63,24,66,66
79050,66,63,63,66,66
79080,66,63,63,63,66
79110,66,63,63,63,66
79140,66,88,63,63,66
79170,66,88,63,66,88
79200,66,88,63,66,88
79230,66,88,63,66,88
79260,66,88,63,63,88
79290,66,88,63,63,38
79320,66,88,63,63,38
79350,63,88,63,66,38
79380,63,88,66,66,38
79410,63,88,66,66,38
79440,63,88,24,66,38
79470,38,88,24,66,38
79500,38,88,24,66,38
79530,38,88,24,24,38
79560,38,88,24,24,38
79590,38,88,24,24,38
79620,38,88,66,24,38
79650,38,88,24,24,38
79680,38,88,24,24,38
79710,38,88,24,88,38
79740,38,88,24,88,38
79770,38,88,87,65,38
79800,38,88,48,65,38
79830,38,88,48,38,38
79860,38,88,48,38,38
79890,38,88,65,38,38
79920,38,88,65,38,38
79950,38,88,38,38,38
79980,38,88,38,38,38
80010,38,88,38,38,38
80040,38,88,38,38,38
80070,38,88,38,38,38
80100,38,88,38,38,38
80130,38,88,38,38,38
80160,38,88,38,38,38
80190,38,88,38,38,38
80220,38,88,38,38,38
80250,38,88,38,38,38
80280,38,88,38,38,38
80310,38,88,38,38,38
80340,38,88,38,38,38
80370,38,88,38,38,38
80400,38,88,38,38,38
80430,38,88,38,38,38
80460,38,88,38,38,38
80490,38,88,38,38,38
80520,38,88,38,38,38
80550,38,88,38,38,38
80580,38,88,38,38,38
80610,38,88,38,38,38
80640,38,88,38,38,38
80670,38,88,38,38,38
80700,38,88,38,38,38
80730,38,88,38,38,38
80760,38,88,38,38,38
80790,38,88,38,38,38
80820,38,88,38,38,38
80850,38,88,38,38,38
80880,38,88,38,38,38
80910,38,88,38,38,38
80940,38,88,38,38,38
80970,38,88,38,38,38
81000,38,88,38,38,38
81030,38,88,38,38,38
81060,38,88,38,38,38
81090,38,88,38,38,38
81120,38,88,38,38,38
81150,38,88,38,38,38
81180,38,88,38,38,38
81210,38,88,38,38,38
81240,38,88,38,38,38
81270,38,88,38,38,38
81300,38,88,38,38,38
81330,38,88,38,38,38
81360,38,88,38,38,38
81390,38,88,38,38,38
81420,38,88,38,38,38
